DeCodigo,DeNombre,DeArea,DeNorma,count,unique,min,max,range,sum,mean,median,stddev,minority,majority,q1,q3,iqr
70,Sucre,10584.8387135,Ley No. 47 de 1966,10,10,5.34535651752976,6.43652500549306,1.0911684879633,59.3933724199728,5.93933724199728,5.9093719530617,0.296188276447895,5.34535651752976,5.34535651752976,5.77396504518052,6.07991195635753,0.305946911177009
76,Valle del Cauca,20672.3394381,Decreto No. 340 de 1910,10,10,3.68192875907411,5.07378855841316,1.39185979933905,44.3334037340963,4.43334037340963,4.40228500518771,0.35586564139523,3.68192875907411,3.68192875907411,4.29179654258106,4.57057206624186,0.278775523660805
81,Arauca,23713.6524887,Constitución Política de Colombia 1991,10,10,5.26359454593817,6.42367923673152,1.16008469079335,58.3039046070424,5.83039046070424,5.91627277664841,0.390466468603062,5.26359454593817,5.26359454593817,5.36226603690031,6.11464328595968,0.752377249059364
86,Putumayo,25700.4383409,Constitución Política de Colombia 1991,10,10,5.32975412631538,6.3111893043206,0.981435178005227,58.1839735512304,5.81839735512304,5.89539558454818,0.328762092281495,5.32975412631538,5.32975412631538,5.46299806213239,6.12478136703312,0.661783304900725
91,Amazonas,107982.504784,Constitución Política de Colombia 1991,10,10,5.06256129183277,6.05214332051333,0.989582028680555,56.2883154642046,5.62883154642046,5.61529641879103,0.3466646037167,5.06256129183277,5.06256129183277,5.33757629156429,6.01364608083979,0.6760697892755
94,Guainía,70918.0560825,Constitución Política de Colombia 1991,10,10,5.18250908138441,6.33964717934718,1.15713809796278,58.9642688765815,5.89642688765815,6.08649441275084,0.407293538647073,5.18250908138441,5.18250908138441,5.50976543783942,6.19465014949713,0.684884711657706
13,Bolívar,26650.7055036,Constitución Política de Colombia 1886,10,10,5.24181392082213,6.50348773117178,1.26167381034965,58.994131137511,5.8994131137511,5.89745395490257,0.340449242516279,5.24181392082213,5.24181392082213,5.70016642097353,6.00954496528636,0.309378544312835
99,Vichada,99094.7304645,Constitución Política de Colombia 1991,10,10,5.86209041705466,6.86127168857762,0.99918127152296,64.6125836530662,6.46125836530662,6.62693109555089,0.361645698450953,5.86209041705466,5.86209041705466,5.98855210236723,6.72978366693899,0.741231564571759
52,Nariño,31505.8470222,Ley No. 1 de 1904,10,10,3.41558355440785,5.04165199990121,1.62606844549336,44.7358392276738,4.47358392276738,4.58062753265554,0.451153723933068,3.41558355440785,3.41558355440785,4.22674444844261,4.79788255886697,0.571138110424358
8,Atlántico,3325.45549462,Ley No. 21 de 1910,10,10,5.98489063300052,6.72143331839904,0.736542685398521,64.3817176565967,6.43817176565967,6.50297719054019,0.201153413765029,5.98489063300052,5.98489063300052,6.31897886798088,6.5455644627923,0.226585594811417
20,Cesar,22499.9945424,Ley No. 25 de 1967,10,10,5.63122103814643,6.60892930993739,0.977708271790958,61.4893483603464,6.14893483603464,6.14209081688921,0.256139636387347,5.63122103814643,5.63122103814643,6.01498952548346,6.30411563981119,0.289126114327733
54,Norte de Santander,21951.558484,Ley No. 25 de 1910,10,10,5.1119441004524,6.46139872622259,1.3494546257702,56.088322732505,5.6088322732505,5.52166147532318,0.447972168203107,5.1119441004524,5.1119441004524,5.1975839172808,5.90914651796143,0.71156260068063
47,Magdalena,23109.4841705,Constitución Política de Colombia 1886,10,10,5.60580808270426,6.50778921210361,0.901981129399342,60.9579843882448,6.09579843882448,6.08543353865894,0.247227705895858,5.60580808270426,5.60580808270426,5.9707629669677,6.23339632015778,0.262633353190076
97,Vaupés,53060.6175648,Constitución Política de Colombia 1991,10,10,5.12246605968224,6.3071718782186,1.18470581853637,58.5068690640492,5.85068690640492,5.92992495519713,0.3935390385925,5.12246605968224,5.12246605968224,5.61806517529764,6.20521329254727,0.587148117249627
44,La Guajira,20572.7469681,Ley No. 19 de 1964,10,10,5.60887946696953,6.07489734340875,0.466017876439217,58.7655465664452,5.87655465664452,5.86905129214893,0.15086821910182,5.60887946696953,5.60887946696953,5.77978405208165,6.03934984475948,0.25956579267783
68,Santander,30436.998027,Constitución Política de Colombia 1886,10,10,5.36637617682198,6.36758054360812,1.00120436678614,57.8474291218638,5.78474291218638,5.75211097819594,0.311252407145788,5.36637617682198,5.36637617682198,5.54829091099164,5.87268701015532,0.32439609916368
23,Córdoba,25083.7516199,Ley No. 9 de 1951,10,10,5.01584809018537,5.9410682526586,0.925220162473231,55.0166464942866,5.50166464942866,5.53158342463951,0.248233206902317,5.01584809018537,5.01584809018537,5.39140688766458,5.63880792212287,0.247401034458296
0,Area en Litigio Cauca - Huila,342.09908699,Límite por Acuerdo Gobernadores Informe 1982,10,10,4.68249527080843,6.31489396654719,1.63239869573876,56.8045552070888,5.68045552070888,5.81048735563521,0.430892237025706,4.68249527080843,4.68249527080843,5.40032282954999,5.87253111310234,0.472208283552345
17,Caldas,7422.20834864,Ley No.17 de 1905,10,10,4.80941608174033,6.34384072580645,1.53442464406612,55.1831986758264,5.51831986758264,5.37864389809836,0.429946247502304,4.80941608174033,4.80941608174033,5.28872617980884,5.62178153624055,0.333055356431712
18,Caquetá,92709.0748512,Constitución Política de Colombia 1991,10,10,5.54921435465696,6.60366872171177,1.05445436705481,60.8931171822158,6.08931171822158,6.26670334210032,0.39571098131708,5.54921435465696,5.54921435465696,5.65546485641749,6.43357338425217,0.778108527834677
25,Cundinamarca,23963.6537335,Constitución Política de Colombia 1886,10,10,5.32851067991192,6.44353641313247,1.11502573322054,57.4952421970234,5.74952421970234,5.66192365394295,0.340598373953763,5.32851067991192,5.32851067991192,5.4847253227929,5.97306580487478,0.488340482081878
41,Huila,18137.0667367,Ley No. 46 de 1905,10,10,5.27733179510155,6.28507892771804,1.00774713261649,58.2717889735165,5.82717889735165,5.82675149840702,0.314408924472386,5.27733179510155,5.27733179510155,5.66535920947831,5.9868323974512,0.321473187972893
50,Meta,82662.11463,Ley No. 118 de 1959,10,10,5.78236085250385,6.71610542287101,0.933744570367161,63.6015748185495,6.36015748185495,6.43999933277089,0.311478596516348,5.78236085250385,5.78236085250385,6.11600823468194,6.6188161362867,0.502807901604764
63,Quindío,1932.97881198,Ley No. 2 de 1966,10,10,4.59448650935883,6.37157482078853,1.7770883114297,53.6745246913581,5.3674524691358,5.28979647052966,0.463541283819056,4.59448650935883,4.59448650935883,5.09992184388691,5.51361185782557,0.413690013938657
27,Chocó,48428.3157863,Ley No. 13 de 1947,10,10,4.07681735478398,4.97350644378476,0.896689089000784,43.3286144893765,4.33286144893765,4.1960479500883,0.291781962963386,4.07681735478398,4.07681735478398,4.14509709947984,4.35589979091995,0.210802691440114
73,Tolima,24128.1304258,Constitución Política de Colombia 1886,10,10,5.17481156154129,6.34900674219366,1.17419518065237,56.9769620091197,5.69769620091197,5.58260577454176,0.34843648675952,5.17481156154129,5.17481156154129,5.44817249704316,5.90261226983184,0.45443977278868
85,Casanare,44267.0440324,Constitución Política de Colombia 1991,10,10,5.78938725612888,6.69143515181246,0.90204789568358,62.5475164923776,6.25475164923776,6.33930531256048,0.303940686561886,5.78938725612888,5.78938725612888,5.91643127014878,6.43433159461499,0.517900324466211
95,Guaviare,55403.2010091,Constitución Política de Colombia 1991,10,10,5.53567836399754,6.80449663782848,1.26881827383094,62.7118154128385,6.27118154128385,6.5123812340875,0.453296266665824,5.53567836399754,5.53567836399754,5.7660260785948,6.63613623854167,0.87011015994687
5,Antioquia,62785.8059101,Constitución Política de Colombia 1886,10,10,4.94701277539296,5.97069886481866,1.0236860894257,53.2324900223751,5.32324900223751,5.17536720012181,0.328004422646488,4.94701277539296,4.94701277539296,5.13891234098342,5.41830280279492,0.279390461811492
15,Boyacá,23057.4616122,Constitución Política de Colombia 1886,10,10,5.47461331554204,6.52541062801934,1.0507973124773,58.6745401821658,5.86745401821658,5.82933334834879,0.332844642493097,5.47461331554204,5.47461331554204,5.53580047383901,6.05866674945456,0.522866275615554
19,Cauca,30918.6685661,Constitución Política de Colombia 1886,10,10,3.81862077707889,5.55690973255227,1.73828895547338,48.8795424027559,4.88795424027559,4.88572191792869,0.444931341973085,3.81862077707889,3.81862077707889,4.76766139952587,5.04147184797958,0.273810448453704
66,Risaralda,3556.50752719,Ley No. 70 de 1966,10,10,4.08137126109405,5.66612329855776,1.58475203746371,47.8649870125021,4.78649870125021,4.73257212461598,0.411208298965598,4.08137126109405,4.08137126109405,4.60337469598055,4.878187057305,0.274812361324447
